chr	start	end	cid	pid	abundance	methylpat
1	757120	757351	1	1	0.245098	1:M,3:M,5:M,12:M,14:M,15:M,16:M,18:M,20:M,24:M,25:M,30:M,32:M,33:M,34:M,37:M,39:M,41:M,48:M,49:M,50:M,51:M,52:M,53:M,55:M,58:M,62:M,68:M,75:M,76:M,85:M,90:M,91:M,97:M,100:M,101:M,102:M,107:M,109:M,111:M,114:M,117:M,118:M,120:M,129:M,134:M,137:M,138:M,145:M,147:M,148:M,149:M,150:M,152:M,159:M,162:M,163:M,166:M,167:M,168:M,170:M,171:M,172:M,173:M,176:M,178:M,185:M,189:M,190:M,191:M,192:M,194:M,197:M,198:M,199:M,200:M,203:M,204:M,205:M,206:M,207:M,211:M,212:M,213:M,215:M,216:M,219:M,220:M,223:M,224:M,225:M,229:M
1	757120	757351	1	2	0.0260211	3:U,5:U,12:U,14:U,15:U,16:U,18:U,20:U,24:U,25:U,30:U,32:U,33:U,34:U,37:U,39:U,41:U,48:U,49:U,50:U,51:U,52:U,53:U,55:U,58:U,62:U,68:U,75:M,76:M,85:M,90:M,91:M,97:M,100:M,101:M,102:M,107:M,109:M,111:M,114:M,117:M,118:M,120:M,129:M,134:M,137:M,138:M,145:M,147:M,148:M,149:M,150:M,152:M,159:M,162:M,163:M,166:M,167:M,168:M,170:M,171:M,172:M,173:M,176:M,178:M,185:M,189:M,190:M,191:M,192:M,194:M,197:M,198:M,199:M,200:M,203:M,204:M,205:M,206:M,207:M,211:M,212:M,213:M,215:M,216:M,219:M,220:M,223:M,224:M,225:M,229:M
1	757120	757351	1	3	0.0217391	3:U,5:U,12:U,14:U,15:U,16:U,18:U,20:U,24:U,25:U,30:U,32:U,33:U,34:U,37:U,39:U,41:U,48:U,49:U,50:U,51:U,52:U,53:U,55:U,58:U,62:U,68:U,75:U,76:U,85:U,90:U,91:U,97:U,100:U,101:U,102:U,107:U,109:U,111:U,114:U,117:U,118:U,120:U,129:U,134:U,137:U,138:U,145:U,147:U,148:U,149:U,150:U,152:U,159:M,162:M,163:M,166:M,167:M,168:M,170:M,171:M,172:M,173:M,176:M,178:M,185:M,189:M,190:M,191:M,192:M,194:M,197:M,198:M,199:M,200:M,203:M,204:M,205:M,206:M,207:M,211:M,212:M,213:M,215:M,216:M,219:M,220:M,223:M,224:M,225:M,229:M
