chr	start	end	cid	rid	raw_coverage	norm_coverage	exp_coverage	methylpat
1	757121	757255	1	read0	21	16.6667	16.6667	0:M,2:M,4:M,11:M,13:M,14:M,15:M,17:M,19:M,23:M,24:M,29:M,31:M,32:M,33:M,36:M,38:M,40:M,47:M,48:M,49:M,50:M,51:M,52:M,54:M,57:M,61:M,67:M,74:M,75:M,84:M,89:M,90:M,96:M,99:M,100:M,101:M,106:M,108:M,110:M,113:M,116:M,117:M,119:M,128:M,133:M
1	757123	757193	1	read1	2	2	2	0:U,2:U,9:U,11:U,12:U,13:U,15:U,17:U,21:U,22:U,27:U,29:U,30:U,31:U,34:U,36:U,38:U,45:U,46:U,47:U,48:U,49:U,50:U,52:U,55:U,59:U,65:U
1	757189	757341	1	read25	28	24.5	23.0451	6:M,7:M,16:M,21:M,22:M,28:M,31:M,32:M,33:M,38:M,40:M,42:M,45:M,48:M,49:M,51:M,60:M,65:M,68:M,69:M,76:M,78:M,79:M,80:M,81:M,83:M,90:M,93:M,94:M,97:M,98:M,99:M,101:M,102:M,103:M,104:M,107:M,109:M,116:M,120:M,121:M,122:M,123:M,125:M,128:M,129:M,130:M,131:M,134:M,135:M,136:M,137:M,138:M,142:M,143:M,144:M,146:M,147:M,150:M,151:M
1	757136	757275	1	read4	4	3	3	0:U,2:U,4:U,8:U,9:U,14:U,16:U,17:U,18:U,21:U,23:U,25:U,32:U,33:U,34:U,35:U,36:U,37:U,39:U,42:U,46:U,52:U,59:U,60:U,69:U,74:U,75:U,81:U,84:U,85:U,86:U,91:U,93:U,95:U,98:U,101:U,102:U,104:U,113:U,118:U,121:U,122:U,129:U,131:U,132:U,133:U,134:U,136:U
1	757274	757350	1	read61	3	4	0.292858	5:M,8:M,9:M,12:M,13:M,14:M,16:M,17:M,18:M,19:M,22:M,24:M,31:M,35:M,36:M,37:M,38:M,40:M,43:M,44:M,45:M,46:M,49:M,50:M,51:M,52:M,53:M,57:M,58:M,59:M,61:M,62:M,65:M,66:M,69:M,70:M,71:M,75:M
1	757210	757345	1	read34	7	5.66667	0	0:U,1:U,7:U,10:U,11:U,12:U,17:U,19:U,21:U,24:U,27:U,28:U,30:U,39:U,44:U,47:U,48:U,55:U,57:U,58:U,59:U,60:U,62:U,69:U,72:U,73:U,76:U,77:U,78:U,80:U,81:U,82:U,83:U,86:U,88:U,95:U,99:U,100:U,101:U,102:U,104:U,107:U,108:U,109:U,110:U,113:U,114:U,115:U,116:U,117:U,121:U,122:U,123:U,125:U,126:U,129:U,130:U,133:U,134:U,135:U
