chr	start	end	cid	pid	abundance	methylpat	regions
1	757122	757620	1	1	0.108046	8:U,11:U,17:U,23:U,25:U,30:U,40:U,56:M,61:M,64:M,66:M,70:M,76:M,81:M,94:M,102:M,104:M,113:M,117:M,128:M,138:M,161:M,167:M,171:M,173:M,177:M,179:M,183:M,187:M,191:M,203:U,214:U,219:U,221:U,228:U,229:U,232:U,244:U,256:U,258:U,261:U,269:U,276:U,277:U,278:U,298:M,322:M,341:M,343:M,355:M,359:M,360:M,369:M,381:M,382:M,385:M,392:M,403:U,405:U,411:U,412:U,415:U,419:U,421:U,430:U,442:M,445:M,447:M,450:M,458:M,477:U,485:U,487:U,488:U,494:U,496:U	0,1,10,
1	757146	757620	1	2	0.016129	1:M,6:M,16:M,32:U,37:U,40:U,42:U,46:U,52:U,57:U,70:U,78:U,80:U,89:U,93:U,104:U,114:M,137:M,143:M,147:M,149:M,153:M,155:M,159:M,163:M,167:M,179:M,190:M,195:M,197:M,204:M,205:M,208:M,220:U,232:M,234:M,237:M,245:M,252:M,253:M,254:M,274:U,298:U,317:M,319:M,331:M,335:M,336:M,345:M,357:M,358:M,361:M,368:M,379:U,381:U,387:U,388:U,391:U,395:U,397:U,406:U,418:M,421:M,423:M,426:M	5,15,
1	757122	757620	1	3	0.0038366	8:U,11:U,17:U,23:U,25:U,30:U,40:U,56:M,61:M,64:M,66:M,70:M,76:M,81:M,94:M,102:M,104:M,113:M,117:M,128:M,138:M,161:M,167:M,171:M,173:M,177:M,179:M,183:M,187:M,191:M,203:M,214:M,219:M,221:M,228:M,229:M,232:M,244:U,256:M,258:M,261:M,269:M,276:M,277:M,278:M,298:U,322:U,341:M,343:M,355:M,359:M,360:M,369:M,381:M,382:M,385:M,392:M,403:U,405:U,411:U,412:U,415:U,419:U,421:U,430:U,442:M,445:M,447:M,450:M	0,15,
