chr	start	end	cid	rid	raw_coverage	norm_coverage	exp_coverage	methylpat
1	757122	757321	1	0	1	1	1	8:U,11:U,17:U,23:U,25:U,30:U,40:U,56:M,61:M,64:M,66:M,70:M,76:M,81:M,94:M,102:M,104:M,113:M,117:M,128:M,138:M,161:M,167:M,171:M,173:M,177:M,179:M,183:M,187:M,191:M
1	757146	757370	1	5	3	2	2	1:M,6:M,16:M,32:U,37:U,40:U,42:U,46:U,52:U,57:U,70:U,78:U,80:U,89:U,93:U,104:U,114:M,137:M,143:M,147:M,149:M,153:M,155:M,159:M,163:M,167:M,179:M,190:M,195:M,197:M,204:M,205:M,208:M,220:U
1	757270	757549	1	15	7	5.66667	1.99656	13:M,19:M,23:M,25:M,29:M,31:M,35:M,39:M,43:M,55:M,66:M,71:M,73:M,80:M,81:M,84:M,96:U,108:M,110:M,113:M,121:M,128:M,129:M,130:M,150:U,174:U,193:M,195:M,207:M,211:M,212:M,221:M,233:M,234:M,237:M,244:M,255:U,257:U,263:U,264:U,267:U,271:U,273:U
1	757126	757374	1	1	8	7	9.61609	4:U,7:U,13:U,19:U,21:U,26:U,36:U,52:M,57:M,60:M,62:M,66:M,72:M,77:M,90:M,98:M,100:M,109:M,113:M,124:M,134:M,157:M,163:M,167:M,169:M,173:M,175:M,179:M,183:M,187:M,199:U,210:U,215:U,217:U,224:U,225:U,228:U,240:U
1	757360	757619	1	32	11	11	0.108046	6:U,18:U,20:U,23:U,31:U,38:U,39:U,40:U,60:M,84:M,103:M,105:M,117:M,121:M,122:M,131:M,143:M,144:M,147:M,154:M,165:U,167:U,173:U,174:U,177:U,181:U,183:U,192:U,204:M,207:M,209:M,212:M,220:M,239:U,247:U,249:U,250:U,256:U,258:U
1	757370	757575	1	33	3	2.5	0.0199656	8:M,10:M,13:M,21:M,28:M,29:M,30:M,50:U,74:U,93:M,95:M,107:M,111:M,112:M,121:M,133:M,134:M,137:M,144:M,155:U,157:U,163:U,164:U,167:U,171:U,173:U,182:U,194:M,197:M,199:M,202:M
1	757215	757553	1	10	17	15.6667	15.6667	1:M,9:M,11:M,20:M,24:M,35:M,45:M,68:M,74:M,78:M,80:M,84:M,86:M,90:M,94:M,98:M,110:U,121:U,126:U,128:U,135:U,136:U,139:U,151:U,163:U,165:U,168:U,176:U,183:U,184:U,185:U,205:M,229:M,248:M,250:M,262:M,266:M,267:M,276:M,288:M,289:M,292:M,299:M,310:U,312:U,318:U,319:U,322:U,326:U,328:U,337:U
