chr	start	end	cid	rid	raw_coverage	norm_coverage	exp_coverage	methylpat
0	757121	757193	1	read0	8	6	6.38568	1:U,6:U,9:U,12:U,14:U,15:U,17:U,19:U,21:U,24:U,25:U,26:U,31:U,33:U,35:U,36:U,42:U,44:U,45:U,48:U,50:U,51:U,52:U,53:U,55:U,57:U,58:U,59:U,61:U
0	757136	757318	1	read8	12	10.3333	10.3333	0:U,2:U,4:U,6:U,9:U,10:U,11:U,16:U,18:U,20:U,21:U,27:U,29:U,30:U,33:U,35:U,36:U,37:U,38:U,40:U,42:U,43:U,44:U,46:U,58:U,59:U,63:U,67:U,72:U,73:U,75:U,76:U,77:U,79:U,80:U,81:U,82:U,83:U,85:U,88:U,90:U,91:U,92:U,93:U,94:U,95:U,97:U,98:U,99:U,100:U,107:U,108:U,111:U,112:U,115:U,116:U,117:U,124:U,127:U,128:U,134:U,136:U,141:U,145:U,147:U,149:U,151:U,154:U,155:U,156:U,157:U,166:U,167:U,172:U,175:U,176:U,177:U,180:U
0	757146	757269	1	read10	25	21.6667	21.6667	0:U,1:U,6:U,8:U,10:U,11:U,17:U,19:U,20:U,23:U,25:U,26:U,27:U,28:U,30:U,32:U,33:U,34:U,36:U,48:M,49:M,53:M,57:M,62:M,63:M,65:M,66:M,67:M,69:M,70:M,71:M,72:M,73:M,75:M,78:M,80:M,81:M,82:M,83:M,84:M,85:M,87:M,88:M,89:M,90:M,97:M,98:M,101:M,102:M,105:M,106:M,107:M,114:M,117:M,118:M
0	757266	757336	1	read66	2	1.66667	2.7082	4:U,6:U,11:U,15:U,17:U,19:U,21:U,24:U,25:U,26:U,27:U,36:U,37:U,42:U,45:U,46:U,47:U,50:U,54:U,55:U,56:U,60:U,61:U
0	757213	757279	1	read40	4	4	4	0:M,2:M,3:M,4:M,5:M,6:M,8:M,11:M,13:M,14:M,15:M,16:M,17:M,18:M,20:M,21:M,22:M,23:M,30:M,31:M,34:M,35:M,38:M,39:M,40:M,47:M,50:M,51:M,57:M,59:M,64:M
0	757278	757339	1	read68	3	2.66667	0.287222	3:U,5:U,7:U,9:U,12:U,13:U,14:U,15:U,24:U,25:U,30:U,33:U,34:U,35:U,38:U,42:U,43:U,44:U,48:U,49:U,59:U,60:U
0	757225	757348	1	read44	22	17	0	1:M,2:M,3:M,4:M,5:M,6:M,8:M,9:M,10:M,11:M,18:M,19:M,22:M,23:M,26:M,27:M,28:M,35:M,38:M,39:M,45:M,47:M,52:M,56:M,58:M,60:M,62:M,65:M,66:M,67:M,68:M,77:M,78:M,83:M,86:M,87:M,88:M,91:M,95:M,96:M,97:M,101:M,102:M,112:M,113:M,116:M,118:M,119:M,122:M
