chr	start	end	cid	pid	abundance	methylpat
1	757129	757615	1	1	0.0655738	7:U,8:U,9:U,10:U,12:U,13:U,14:U,18:U,29:M,33:M,39:M,48:M,61:M,62:M,67:M,79:U,81:U,85:U,90:U,94:U,105:U,115:U,116:U,117:U,124:U,126:U,141:M,148:M,149:M,165:M,168:M,170:M,175:M,183:M,188:M,194:M,198:M,201:M,206:M,208:M,211:M,214:M,228:M,230:M,235:M,242:M,243:M,277:M,279:M,284:M,288:M,296:M,312:M,315:M,319:M,327:M,339:M,369:M,375:M,392:M,394:M,399:M,418:U,419:U,449:U,451:U,460:U,466:U,467:U,469:U,476:U,483:U
1	757129	757615	1	2	0.0307692	5:U,7:U,8:U,9:U,10:U,12:U,13:U,14:U,18:U,29:U,33:U,39:U,48:U,61:M,62:M,67:M,79:U,81:U,85:U,90:U,94:U,105:U,115:U,116:U,117:U,124:U,126:U,141:U,148:U,149:U,165:M,168:M,170:M,175:M,183:M,188:M,194:M,198:M,201:M,206:M,208:M,211:M,214:M,228:U,230:U,235:U,242:U,243:U,277:M,279:M,284:M,288:M,296:M,312:M,315:M,319:M,327:M,339:M,369:M,375:M,392:M,394:M,399:M,418:M,419:M
1	757129	757615	1	3	0.0148695	18:U,29:M,33:M,39:M,48:M,61:M,62:M,67:M,79:U,81:U,85:U,90:U,94:U,105:U,115:U,116:U,117:U,124:U,126:U,141:U,148:U,149:U,165:M,168:M,170:M,175:M,183:M,188:M,194:M,198:M,201:M,206:M,208:M,211:M,214:M,228:U,230:U,235:U,242:U,243:U,277:M,279:M,284:M,288:M,296:M,312:U,315:U,319:U,327:U,339:U,369:M,375:M,392:M,394:M,399:M
1	757129	757615	1	4	0.0123601	7:U,8:U,9:U,10:U,12:U,13:U,14:U,18:U,29:M,33:M,39:M,48:M,61:M,62:M,67:M,79:U,81:U,85:U,90:U,94:U,105:U,115:U,116:U,117:U,124:U,126:U,141:M,148:M,149:M,165:M,168:M,170:M,175:M,183:M,188:M,194:M,198:M,201:M,206:M,208:M,211:M,214:M,228:U,230:U,235:U,242:U,243:U,277:M,279:M,284:M,288:M,296:M,312:M,315:M,319:M,327:M,339:M,369:M,375:M,392:M,394:M,399:M,418:M,419:M
1	757129	757615	1	5	0.00585319	5:U,7:U,8:U,9:U,10:U,12:U,13:U,14:U,18:U,29:U,33:U,39:U,48:U,61:U,62:U,67:U,79:U,81:U,85:U,90:U,94:U,105:U,115:M,116:M,117:M,124:M,126:M,141:M,148:M,149:M,165:M,168:M,170:M,175:M,183:M,188:M,194:M,198:M,201:M,206:M,208:M,211:M,214:M,228:U,230:U,235:U,242:U,243:U,277:M,279:M,284:M,288:M,296:M,312:M,315:M,319:M,327:M,339:M,369:M,375:M,392:M,394:M,399:M,418:M,419:M
