chr	start	end	cid	pid	abundance	methylpat
1	757121	757350	1	1	0.166667	1:M,3:M,4:M,7:M,8:M,16:U,18:U,24:U,27:U,30:U,33:U,36:U,37:U,42:U,43:U,44:U,47:U,51:U,52:U,53:U,60:U,68:U,69:U,72:U,76:U,77:U,79:U,80:U,82:U,83:U,85:U,87:U,88:U,90:U,92:U,93:U,94:U,95:U,96:U,104:U,105:U,110:U,111:U,112:U,115:U,116:U,119:U,121:U,124:U,125:U,126:U,130:U,134:U,135:U,136:U,138:U,139:U,145:U,147:U,148:U,149:U,155:U,163:U,166:U,167:U,169:U,170:U,172:U,173:U,176:U,177:U,180:U,181:U,182:U,183:U,184:U,188:U,189:U,190:U,192:U,193:U,195:U,197:U,198:U,202:U,203:U,204:U,209:U,211:U,217:U,218:U,221:U,224:U,225:U,227:U
1	757121	757350	1	2	0.0858586	4:U,7:U,8:U,16:U,18:U,24:U,27:U,30:U,33:U,36:U,37:U,42:U,43:U,44:U,47:U,51:U,52:U,53:U,60:U,68:U,69:U,72:U,76:U,77:U,79:U,80:U,82:U,83:U,85:U,87:U,88:U,90:U,92:U,93:U,94:U,95:U,96:U,104:M,105:M,110:M,111:M,112:M,115:M,116:M,119:M,121:M,124:M,125:M,126:M,130:M,134:M,135:M,136:M,138:M,139:M,145:M,147:M,148:M,149:M,155:M,163:M,166:M,167:M,169:M,170:M,172:M,173:M,176:M,177:M,180:M,181:M,182:M,183:M,184:M,188:M,189:M,190:M,192:M,193:M,195:M,197:M,198:M,202:M,203:M,204:M
1	757121	757350	1	3	0.0625	7:M,8:M,16:M,18:M,24:M,27:M,30:M,33:M,36:M,37:M,42:M,43:M,44:M,47:M,51:M,52:M,53:M,60:M,68:M,69:M,72:M,76:M,77:M,79:M,80:M,82:M,83:M,85:M,87:M,88:M,90:M,92:M,93:M,94:M,95:M,96:M,104:M,105:M,110:M,111:M,112:M,115:M,116:M,119:M,121:M,124:M,125:M,126:M,130:M,134:M,135:M,136:M,138:M,139:M,145:M,147:M,148:M,149:M,155:M,163:M,166:M,167:M,169:M,170:M,172:M,173:M,176:M,177:M,180:M,181:M,182:M,183:M,184:M,188:M,189:M,190:M,192:M,193:M,195:M,197:M,198:M,202:M,203:M,204:M
1	757121	757350	1	4	0.0432099	4:U,7:U,8:U,16:U,18:U,24:U,27:U,30:U,33:U,36:U,37:U,42:U,43:U,44:U,47:U,51:U,52:U,53:U,60:U,68:U,69:U,72:U,76:U,77:U,79:U,80:U,82:U,83:U,85:U,87:U,88:U,90:U,92:U,93:U,94:U,95:U,96:U,104:U,105:U,110:U,111:U,112:U,115:U,116:U,119:U,121:U,124:U,125:U,126:U,130:U,134:U,135:U,136:U,138:U,139:U,145:U,147:U,148:U,149:U,155:U,163:U,166:U,167:U,169:U,170:U,172:U,173:U,176:U,177:U,180:U,181:U,182:U,183:U,184:U,188:U,189:U,190:U,192:U,193:U,195:U,197:U,198:U,202:U,203:U,204:U,209:U,211:U,217:U,218:U,221:U,224:U,225:U,227:U
