chr	start	end	cid	pid	abundance	methylpat
1	757122	757617	1	1	0.143177	0:U,5:U,10:U,12:U,20:U,25:U,28:U,37:U,41:U,42:U,44:U,48:U,50:U,51:U,53:U,54:U,55:U,56:U,58:U,62:U,66:U,67:U,70:U,72:U,77:U,79:U,87:U,91:U,94:U,96:U,97:U,98:U,100:U,102:U,110:U,114:U,118:U,120:U,122:U,125:U,128:U,129:U,132:U,139:U,145:U,148:U,149:U,154:U,160:U,161:U,164:U,166:U,169:U,173:U,174:U,178:U,181:U,189:U,190:U,191:U,199:U,201:U,205:U,207:U,211:U,213:U,214:U,220:U,222:U,229:U,230:U,234:U,235:U,237:U,239:U,240:U,246:U,247:U,249:U,257:U,259:U,261:U,266:U,269:U,277:U,280:U,283:U,284:U,286:U,287:U,291:U,294:U,296:U,297:U,298:U,300:U,304:U,313:U,316:U,318:U,319:U,321:U,325:U,327:U,332:U,333:U,334:U,336:U,338:U,339:U,345:U,353:U,356:U,363:U,367:U,372:U,376:U,383:U,395:U,396:U,397:U,404:U,408:U,411:U,413:U,416:U,417:U,419:U,422:U,430:U,431:U,441:U,444:U,445:U,449:U,453:U,455:U,458:U,470:U,475:U,476:U,484:U,485:U,486:U,488:U,491:U,494:U,495:U	0,90,96
1	757122	757607	1	2	0.131685	0:U,5:U,10:U,12:U,20:U,25:U,28:U,37:U,41:U,42:U,44:U,48:U,50:U,51:U,53:U,54:U,55:U,56:U,58:U,62:U,66:U,67:U,70:U,72:U,77:U,79:U,87:U,91:U,94:U,96:U,97:U,98:U,100:U,102:U,110:U,114:U,118:U,120:U,122:U,125:U,128:U,129:U,132:U,139:U,145:U,148:U,149:U,154:U,160:U,161:U,164:U,166:U,169:U,173:U,174:U,178:U,181:U,189:U,190:U,191:U,199:U,201:U,205:U,207:U,211:U,213:U,214:U,220:U,222:U,229:U,230:U,234:U,235:U,237:U,239:U,240:U,246:U,247:U,249:U,257:U,259:U,261:U,266:U,269:U,277:U,280:U,283:U,284:U,286:U,287:U,291:U,294:U,296:U,297:U,298:U,300:U,304:U,313:U,316:U,318:U,319:U,321:U,325:U,327:U,332:U,333:U,334:U,336:U,338:U,339:U,345:U,353:U,356:U,363:U,367:U,372:U,376:U,383:U,395:M,396:M,397:M,404:M,408:M,411:M,413:M,416:M,417:M,419:M,422:M,430:M,431:M,441:U,444:U,445:U,449:U,453:U,455:U,458:U,470:U,475:U,476:U,484:U,485:U	0,91,120
