chr	start	end	cid	rid	raw_coverage	norm_coverage	exp_coverage	methylpat
1	757122	757515	1	read0	102	90	90	0:U,5:U,10:U,12:U,20:U,25:U,28:U,37:U,41:U,42:U,44:U,48:U,50:U,51:U,53:U,54:U,55:U,56:U,58:U,62:U,66:U,67:U,70:U,72:U,77:U,79:U,87:U,91:U,94:U,96:U,97:U,98:U,100:U,102:U,110:U,114:U,118:U,120:U,122:U,125:U,128:U,129:U,132:U,139:U,145:U,148:U,149:U,154:U,160:U,161:U,164:U,166:U,169:U,173:U,174:U,178:U,181:U,189:U,190:U,191:U,199:U,201:U,205:U,207:U,211:U,213:U,214:U,220:U,222:U,229:U,230:U,234:U,235:U,237:U,239:U,240:U,246:U,247:U,249:U,257:U,259:U,261:U,266:U,269:U,277:U,280:U,283:U,284:U,286:U,287:U,291:U,294:U,296:U,297:U,298:U,300:U,304:U,313:U,316:U,318:U,319:U,321:U,325:U,327:U,332:U,333:U,334:U,336:U,338:U,339:U,345:U,353:U,356:U,363:U,367:U,372:U,376:U,383:U
1	757448	757531	1	read102	3	3	3.00671	1:U,6:U,7:U,8:U,10:U,12:U,13:U,19:U,27:U,30:U,37:U,41:U,46:U,50:U,57:U,69:U,70:U,71:U,78:U,82:U
1	757451	757589	1	read103	11	9.33333	10.5348	3:U,4:U,5:U,7:U,9:U,10:U,16:U,24:U,27:U,34:U,38:U,43:U,47:U,54:U,66:M,67:M,68:M,75:M,79:M,82:M,84:M,87:M,88:M,90:M,93:M,101:M,102:M,112:U,115:U,116:U,120:U,124:U,126:U,129:U
1	757469	757617	1	read108	24	21.3333	21.3333	6:U,9:U,16:U,20:U,25:U,29:U,36:U,48:U,49:U,50:U,57:U,61:U,64:U,66:U,69:U,70:U,72:U,75:U,83:U,84:U,94:U,97:U,98:U,102:U,106:U,108:U,111:U,123:U,128:U,129:U,137:U,138:U,139:U,141:U,144:U,147:U,148:U
1	757531	757607	1	read135	2	2	10.1397	2:M,4:M,7:M,8:M,10:M,13:M,21:M,22:M,32:U,35:U,36:U,40:U,44:U,46:U,49:U,61:U,66:U,67:U,75:U,76:U
