chr	start	end	cid	pid	abundance	methylpat
1	757131	757618	1	1	0.0840336	3:U,7:U,26:M,27:M,31:M,33:M,35:M,36:M,37:M,39:M,45:M,56:M,66:M,75:M,83:M,89:M,92:M,101:M,102:M,103:M,106:M,107:M,121:U,123:U,125:U,136:M,138:M,139:M,148:M,161:M,162:M,189:U,197:U,200:U,202:U,208:U,211:U,216:U,221:U,236:U,255:M,256:M,293:M,294:M,300:M,307:M,310:M,311:M,316:M,318:M,337:U,340:U,362:U,370:U,387:U,392:U,394:U,396:U,398:U,409:M,425:M,439:U,441:U,443:U,444:U,446:U,447:U,449:U,458:U,461:U,469:U,473:U,479:U,480:U
1	757131	757618	1	2	0.0332965	26:U,27:U,31:U,33:U,35:U,36:U,37:U,39:U,45:U,56:U,66:U,75:U,83:U,89:U,92:U,101:U,102:U,103:U,106:U,107:U,121:M,123:M,125:M,136:M,138:M,139:M,148:M,161:U,162:U,189:M,197:M,200:M,202:M,208:M,211:M,216:M,221:M,236:M,255:U,256:U,293:M,294:M,300:M,307:M,310:M,311:M,316:M,318:M,337:U,340:U,362:U,370:U,387:U,392:U,394:U,396:U,398:U,409:M,425:M,439:U,441:U,443:U,444:U,446:U,447:U,449:U,458:U,461:U,469:U,473:U,479:U,480:U
1	757131	757618	1	3	0.0214479	3:U,7:U,26:M,27:M,31:M,33:M,35:M,36:M,37:M,39:M,45:M,56:M,66:M,75:M,83:M,89:M,92:M,101:M,102:M,103:M,106:M,107:M,121:U,123:U,125:U,136:M,138:M,139:M,148:M,161:M,162:M,189:U,197:U,200:U,202:U,208:U,211:U,216:U,221:U,236:U,255:U,256:U,293:M,294:M,300:M,307:M,310:M,311:M,316:M,318:M,337:U,340:U,362:M,370:M,387:U,392:U,394:U,396:U,398:U,409:U,425:U,439:U,441:U,443:U,444:U,446:U,447:U,449:U,458:U,461:U,469:U,473:U,479:U,480:U
1	757131	757618	1	4	0.0118854	26:U,27:U,31:U,33:U,35:U,36:U,37:U,39:U,45:U,56:U,66:U,75:U,83:U,89:U,92:U,101:U,102:U,103:U,106:U,107:U,121:M,123:M,125:M,136:M,138:M,139:M,148:M,161:U,162:U,189:M,197:M,200:M,202:M,208:M,211:M,216:M,221:M,236:M,255:U,256:U,293:M,294:M,300:M,307:M,310:M,311:M,316:M,318:M,337:U,340:U,362:M,370:M,387:U,392:U,394:U,396:U,398:U,409:U,425:U,439:U,441:U,443:U,444:U,446:U,447:U,449:U,458:U,461:U,469:U,473:U,479:U,480:U
