chr	start	end	cid	rid	raw_coverage	norm_coverage	exp_coverage	methylpat
1	757122	757350	1	0	17	11.3333	11.3333	1:M,6:M,8:M,9:M,10:M,13:M,14:M,16:M,18:M,20:M,27:M,32:M,34:M,41:M,43:M,47:M,58:M,60:M,61:M,63:M,81:U,82:U,83:U,85:U,87:U,89:U,92:U,95:U,105:U,106:U,108:U,111:U,112:U,114:U,121:U,126:U,127:U,133:U,147:U,149:U,152:U,156:U,158:U,161:U,165:U,167:U,173:U,174:U,175:U,178:U,184:U,185:U,188:U,189:U,192:U,193:U,194:U,196:U,197:U,201:U,203:U,206:U,209:U,210:U,212:U,216:U,221:U,223:U,224:U,227:U
1	757127	757350	1	3	6	5.33333	5.33333	1:M,3:M,4:M,5:M,8:M,9:M,11:M,13:M,15:M,22:M,27:M,29:M,36:M,38:M,42:M,53:U,55:U,56:U,58:U,76:M,77:M,78:M,80:M,82:M,84:M,87:M,90:M,100:M,101:M,103:M,106:M,107:M,109:M,116:M,121:M,122:M,128:M,142:M,144:M,147:M,151:M,153:M,156:M,160:M,162:M,168:M,169:M,170:M,173:M,179:M,180:M,183:M,184:M,187:M,188:M,189:M,191:M,192:M,196:M,198:M,201:M,204:M,205:M,207:M,211:M,216:M,218:M,219:M,222:M
