chr	start	end	cid	rid	raw_coverage	norm_coverage	exp_coverage	methylpat
1	757134	757376	1	0	4	4	6.67407	3:U,7:U,16:U,21:U,22:U,36:M,37:M,46:M,56:M,57:M,64:M,90:U,92:U,99:U,101:U,103:U,116:U,121:U,131:U,138:U,145:U,147:U,148:U,155:U,159:U,171:U,183:M,192:M,196:M,200:M,213:U,218:U,229:M,233:M
1	757190	757422	1	5	3	3	3	0:U,1:U,8:U,34:M,36:M,43:M,45:M,47:M,60:M,65:M,75:M,82:M,89:M,91:M,92:M,99:M,103:M,115:M,127:U,136:U,140:U,144:U,157:U,162:U,173:M,177:M,187:M,195:M,211:M
1	757187	757598	1	4	30	28.3333	28.3333	3:M,4:M,11:M,37:U,39:U,46:U,48:U,50:U,63:U,68:U,78:U,85:U,92:U,94:U,95:U,102:U,106:U,118:U,130:M,139:M,143:M,147:M,160:U,165:U,176:M,180:M,190:U,198:U,214:U,240:M,252:M,260:M,270:M,271:M,273:M,274:M,283:M,298:M,311:M,316:M,323:M,325:M,326:M,327:M,334:M,338:M,339:M,344:M,365:M,377:M,389:M,391:M,396:M,397:M,398:M
1	757340	757596	1	30	7	6.66667	0.03	7:U,12:U,23:M,27:M,37:M,45:M,61:M,87:U,99:U,107:U,117:U,118:U,120:U,121:U,130:U,145:U,158:U,163:U,170:U,172:U,173:U,174:U,181:U,185:U,186:U,191:U,212:M,224:M,236:U,238:U,243:U,244:U,245:U
1	757290	757514	1	18	4	2.66667	1.5	3:M,15:M,27:U,36:U,40:U,44:U,57:U,62:U,73:M,77:M,87:M,95:M,111:M,137:U,149:U,157:U,167:U,168:U,170:U,171:U,180:U,195:U,208:U,213:U,220:U,222:U,223:U,224:U
1	757412	757614	1	46	2	3	0.125926	15:M,27:M,35:M,45:M,46:M,48:M,49:M,58:M,73:M,86:M,91:M,98:M,100:M,101:M,102:M,109:M,113:M,114:M,119:M,140:M,152:M,164:M,166:M,171:M,172:M,173:M,188:U,191:U,193:U,194:U,199:U
