chr	start	end	cid	pid	abundance	methylpat
1	757128	757614	1	1	0.113426	3:M,7:M,12:M,30:U,37:U,42:U,43:U,46:U,47:U,49:U,57:U,63:U,70:U,91:U,111:M,116:M,121:M,122:M,135:M,143:M,145:M,146:M,153:M,154:M,178:M,180:M,181:M,185:M,223:U,225:U,234:U,256:M,264:M,276:U,281:U,294:M,298:M,299:M,301:M,303:M,308:M,310:M,329:M,340:M,341:M,344:M,345:M,346:M,351:M,362:U,370:U,377:U,381:U,386:U,393:U,395:U,400:U,402:U,403:U,411:U,418:U,431:M,434:M,435:M,438:M,446:M,447:M,458:M	0,10,19,22,45
1	757128	757614	1	2	0.0340824	12:U,30:M,37:M,42:M,43:M,46:M,47:M,49:M,57:M,63:M,70:M,91:U,111:U,116:U,121:U,122:U,135:M,143:M,145:M,146:M,153:M,154:M,178:M,180:M,181:M,185:M,223:U,225:U,234:U,256:U,264:U,276:U,281:U,294:U,298:U,299:U,301:U,303:U,308:U,310:U,329:U,340:U,341:U,344:U,345:U,346:U,351:U,362:U,370:U,377:U,381:U,386:U,393:U,395:U,400:U,402:U,403:U,411:U,418:U,431:M,434:M,435:M,438:M,446:M,447:M,458:M,483:U	1,12,24,46
1	757128	757614	1	3	0.00764895	3:M,7:M,12:M,30:U,37:U,42:U,43:U,46:U,47:U,49:U,57:U,63:U,70:U,91:U,111:M,116:M,121:M,122:M,135:M,143:M,145:M,146:M,153:M,154:M,178:M,180:M,181:M,185:M,223:U,225:U,234:U,256:M,264:M,276:U,281:U,294:U,298:U,299:U,301:U,303:U,308:U,310:U,329:U,340:U,341:U,344:U,345:U,346:U,351:U,362:U,370:U,377:U,381:U,386:U,393:U,395:U,400:U,402:U,403:U,411:U,418:U,431:M,434:M,435:M,438:M,446:M,447:M,458:M,483:U	0,10,46
