chr	start	end	cid	rid	raw_coverage	norm_coverage	exp_coverage	methylpat
1	757129	757379	1	read0	8	8	8	2:M,6:M,11:M,29:U,36:U,41:U,42:U,45:U,46:U,48:U,56:U,62:U,69:U,90:U,110:M,115:M,120:M,121:M,134:M,142:M,144:M,145:M,152:M,153:M,177:M,179:M,180:M,184:M,222:U,224:U,233:U
1	757136	757355	1	read1	2	2	2.38839	4:U,22:M,29:M,34:M,35:M,38:M,39:M,41:M,49:M,55:M,62:M,83:U,103:U,108:U,113:U,114:U,127:M,135:M,137:M,138:M,145:M,146:M,170:M,172:M,173:M,177:M,215:U,217:U
1	757192	757417	1	read10	7	5.66667	5.66667	6:U,27:U,47:M,52:M,57:M,58:M,71:M,79:M,81:M,82:M,89:M,90:M,114:M,116:M,117:M,121:M,159:U,161:U,170:U,192:M,200:M,212:U,217:U
1	757255	757568	1	read25	6	5.33333	5.33333	8:M,16:M,18:M,19:M,26:M,27:M,51:M,53:M,54:M,58:M,96:U,98:U,107:U,129:U,137:U,149:U,154:U,167:U,171:U,172:U,174:U,176:U,181:U,183:U,202:U,213:U,214:U,217:U,218:U,219:U,224:U,235:U,243:U,250:U,254:U,259:U,266:U,268:U,273:U,275:U,276:U,284:U,291:U,304:M,307:M,308:M,311:M
1	757199	757416	1	read13	3	2.66667	2.66667	20:U,40:U,45:U,50:U,51:U,64:M,72:M,74:M,75:M,82:M,83:M,107:M,109:M,110:M,114:M,152:U,154:U,163:U,185:U,193:U,205:U,210:U
1	757253	757588	1	read23	17	16.3333	16.3333	10:M,18:M,20:M,21:M,28:M,29:M,53:M,55:M,56:M,60:M,98:U,100:U,109:U,131:M,139:M,151:U,156:U,169:M,173:M,174:M,176:M,178:M,183:M,185:M,204:M,215:M,216:M,219:M,220:M,221:M,226:M,237:U,245:U,252:U,256:U,261:U,268:U,270:U,275:U,277:U,278:U,286:U,293:U,306:M,309:M,310:M,313:M,321:M,322:M,333:M
1	757228	757442	1	read20	3	3	2.83565	11:M,16:M,21:M,22:M,35:M,43:M,45:M,46:M,53:M,54:M,78:M,80:M,81:M,85:M,123:U,125:U,134:U,156:M,164:M,176:U,181:U,194:M,198:M,199:M,201:M,203:M,208:M,210:M
1	757399	757613	1	read47	3	4	0.044686	5:U,10:U,23:U,27:U,28:U,30:U,32:U,37:U,39:U,58:U,69:U,70:U,73:U,74:U,75:U,80:U,91:U,99:U,106:U,110:U,115:U,122:U,124:U,129:U,131:U,132:U,140:U,147:U,160:M,163:M,164:M,167:M,175:M,176:M,187:M,212:U
1	757397	757596	1	read46	1	1	0.117254	7:U,12:U,25:M,29:M,30:M,32:M,34:M,39:M,41:M,60:M,71:M,72:M,75:M,76:M,77:M,82:M,93:U,101:U,108:U,112:U,117:U,124:U,126:U,131:U,133:U,134:U,142:U,149:U,162:M,165:M,166:M,169:M,177:M,178:M,189:M
