chr	start	end	cid	pid	abundance	methylpat	regions
1	757128	757619	1	1	0.14359	0:U,1:U,8:U,12:U,14:U,15:U,17:U,22:U,26:U,28:U,40:U,41:U,46:U,50:U,56:U,60:U,102:M,107:M,119:U,129:U,137:U,141:U,143:U,147:U,151:U,155:U,157:U,169:M,181:U,188:U,192:U,195:U,196:U,204:U,206:U,210:U,212:U,223:U,234:U,251:U,252:U,256:U,276:M,277:M,290:M,291:M,293:M,294:M,320:U,321:U,329:U,335:U,348:M,350:M,352:M,358:M,363:M,383:U,385:U,390:U,399:U,400:U,411:M,414:M,423:M,430:M,441:U,453:U,458:U,459:U,466:U,469:U,490:U	0,4,10,35,
1	757137	757619	1	2	0.0356506	3:U,5:U,6:U,8:U,13:U,17:U,19:U,31:U,32:U,37:U,41:U,47:U,51:U,93:U,98:U,110:M,120:M,128:M,132:M,134:M,138:M,142:M,146:M,148:M,160:U,172:M,179:M,183:M,186:M,187:M,195:M,197:M,201:M,203:M,214:M,225:U,242:U,243:U,247:U,267:U,268:U,281:U,282:U,284:U,285:U,311:U,312:U,320:U,326:U,339:M,341:M,343:M,349:M,354:M,374:M,376:M,381:M,390:M,391:M,402:U,405:U,414:U,421:U,432:M,444:M,449:M,450:M,457:M,460:M	1,2,5,36,
1	757137	757619	1	3	0.0036284	3:U,5:U,6:U,8:U,13:U,17:U,19:U,31:U,32:U,37:U,41:U,47:U,51:U,93:U,98:U,110:M,120:M,128:M,132:M,134:M,138:M,142:M,146:M,148:M,160:U,172:M,179:M,183:M,186:M,187:M,195:M,197:M,201:M,203:M,214:U,225:U,242:U,243:U,247:U,267:M,268:M,281:M,282:M,284:M,285:M,311:U,312:U,320:U,326:U,339:M,341:M,343:M,349:M,354:M,374:U,376:U,381:U,390:U,391:U,402:M,405:M,414:M,421:M,432:U,444:U,449:U,450:U,457:U,460:U,481:U	1,2,
1	757137	757619	1	4	0.00324869	3:U,5:U,6:U,8:U,13:U,17:U,19:U,31:U,32:U,37:U,41:U,47:U,51:U,93:U,98:U,110:M,120:M,128:M,132:M,134:M,138:M,142:M,146:M,148:M,160:U,172:M,179:M,183:M,186:M,187:M,195:M,197:M,201:U,203:U,214:U,225:U,242:U,243:U,247:U,267:M,268:M,281:M,282:M,284:M,285:M,311:U,312:U,320:U,326:U,339:M,341:M,343:M,349:M,354:M,374:U,376:U,381:U,390:U,391:U,402:M,405:M,414:M,421:M,432:U,444:U,449:U,450:U,457:U,460:U,481:U	1,35,
